{
  "family": "lstm",
  "trial": 130,
  "mean_mae": 18.402096291999598,
  "worst_mae": 27.61686397327417,
  "per_holdout_mae": {
    "A": 2.822652564710964,
    "B": 24.766772338013663,
    "C": 27.61686397327417
  },
  "params": {
    "window": 75,
    "hidden_dim": 256,
    "num_layers": 2,
    "dropout": 0.1983578625884575,
    "scaler": "standard",
    "lr": 0.0017496729287767763,
    "batch_size": 64,
    "weight_decay": 0.00042282017847815995,
    "lr_scheduler": "plateau",
    "k_max": 10,
    "p_max": 0.5,
    "input_noise_sigma": 0.02
  }
}