{
  "family": "mlp",
  "trial": 2,
  "mean_mae": 21.678274588435887,
  "worst_mae": 36.730086880847814,
  "per_holdout_mae": {
    "A": 21.276198585107924,
    "B": 7.028538299351931,
    "C": 36.730086880847814
  },
  "params": {
    "window": 25,
    "hidden_dim": 128,
    "num_layers": 2,
    "dropout": 0.04634762381005189,
    "scaler": "minmax_0_1",
    "lr": 0.0005787997763336387,
    "batch_size": 64,
    "weight_decay": 0.0001544608907504709,
    "lr_scheduler": "plateau",
    "k_max": 5,
    "p_max": 0.5,
    "input_noise_sigma": 0.005
  }
}