{
  "family": "cnn_lstm",
  "trial": 63,
  "mean_mae": 17.72257513790036,
  "worst_mae": 29.821331070549085,
  "per_holdout_mae": {
    "A": 8.677394251880676,
    "B": 14.669000091271323,
    "C": 29.821331070549085
  },
  "params": {
    "window": 50,
    "hidden_dim": 128,
    "num_layers": 2,
    "dropout": 0.22142340143887101,
    "kernel_size": 3,
    "conv_layers": 1,
    "scaler": "standard",
    "lr": 0.0006027145427952646,
    "batch_size": 16,
    "weight_decay": 2.509143211118013e-05,
    "lr_scheduler": "plateau",
    "k_max": 3,
    "p_max": 0.0,
    "input_noise_sigma": 0.01
  }
}