{
  "family": "cnn_lstm",
  "trial": 10,
  "mean_mae": 29.47402335726967,
  "worst_mae": 43.90510504223406,
  "per_holdout_mae": {
    "A": 13.386465941406787,
    "B": 31.130499088168143,
    "C": 43.90510504223406
  },
  "params": {
    "window": 40,
    "hidden_dim": 128,
    "num_layers": 1,
    "dropout": 0.16906601855699682,
    "kernel_size": 5,
    "conv_layers": 1,
    "scaler": "minmax_0_1",
    "lr": 0.0011025839141573896,
    "batch_size": 64,
    "weight_decay": 0.00011478935083235049,
    "lr_scheduler": "plateau",
    "k_max": 3,
    "p_max": 0.25,
    "input_noise_sigma": 0.0
  }
}