{
  "family": "tcn",
  "trial": 54,
  "mean_mae": 19.04135960943997,
  "worst_mae": 25.07389518767595,
  "per_holdout_mae": {
    "A": 13.781209394037724,
    "B": 25.07389518767595,
    "C": 18.26897424660623
  },
  "params": {
    "window": 40,
    "hidden_dim": 64,
    "num_layers": 2,
    "dropout": 0.1974618095407878,
    "kernel_size": 3,
    "scaler": "minmax_0_1",
    "lr": 0.0005562273790483636,
    "batch_size": 32,
    "weight_decay": 4.845898935632805e-06,
    "lr_scheduler": "onecycle",
    "k_max": 5,
    "p_max": 0.25,
    "input_noise_sigma": 0.0
  }
}