{
  "family": "tcn",
  "trial": 1,
  "mean_mae": 20.595345167641838,
  "worst_mae": 25.296459228247404,
  "per_holdout_mae": {
    "A": 24.30330254551023,
    "B": 25.296459228247404,
    "C": 12.186273729167878
  },
  "params": {
    "window": 10,
    "hidden_dim": 32,
    "num_layers": 2,
    "dropout": 0.21868411173731186,
    "kernel_size": 5,
    "scaler": "minmax_neg1_1",
    "lr": 0.001980933895203292,
    "batch_size": 32,
    "weight_decay": 3.87211803217458e-06,
    "lr_scheduler": "plateau",
    "k_max": 5,
    "p_max": 0.5,
    "input_noise_sigma": 0.02
  }
}