{
  "n_steps": 200,
  "MAE": 18.67467644916531,
  "MSE": 783.8329242431419,
  "RMSE": 27.997016345374053,
  "R2": 0.5301154471920897,
  "NMSE": 0.46988455280791025,
  "MedianAE": 12.761392277547472,
  "MaxError": 174.204947598817,
  "MeanResidual": 2.2278365064965002,
  "StdResidual": 27.908236575309864,
  "model_name": "Baseline"
}