{
  "family": "cnn1d",
  "trial": 23,
  "mean_mae": 25.109696200477583,
  "worst_mae": 30.544112566336988,
  "per_holdout_mae": {
    "A": 30.544112566336988,
    "B": 26.671863570809364,
    "C": 18.113112464286388
  },
  "params": {
    "window": 25,
    "hidden_dim": 32,
    "num_layers": 3,
    "dropout": 0.3483759995386029,
    "kernel_size": 5,
    "scaler": "minmax_0_1",
    "lr": 0.0007374048068172036,
    "batch_size": 16,
    "weight_decay": 3.8573407980197675e-06,
    "lr_scheduler": "onecycle",
    "k_max": 10,
    "p_max": 0.0,
    "input_noise_sigma": 0.0
  }
}