{
  "mlp": {
    "best_epoch": 115,
    "best_inner_val_mae": 2.5597910837829114,
    "test_metrics": {
      "mae": 14.65357848838903,
      "mse": 1060.315337362732,
      "rmse": 32.56248358713954,
      "nmse": 0.5340504693626442
    },
    "n_params": 6209
  },
  "lstm": {
    "best_epoch": 75,
    "best_inner_val_mae": 4.850319056734443,
    "test_metrics": {
      "mae": 50.64530064854771,
      "mse": 4967.772502558833,
      "rmse": 70.48242690599433,
      "nmse": 2.5021247389263994
    },
    "n_params": 50497
  }
}