{
  "family": "gru",
  "trial": 88,
  "mean_mae": 19.33442403621148,
  "worst_mae": 25.410316420255462,
  "per_holdout_mae": {
    "A": 19.736720067282473,
    "B": 25.410316420255462,
    "C": 12.856235621096507
  },
  "params": {
    "window": 20,
    "hidden_dim": 256,
    "num_layers": 3,
    "dropout": 0.26373502341637955,
    "scaler": "standard",
    "lr": 0.001084687631037761,
    "batch_size": 32,
    "weight_decay": 0.00077992282963869,
    "lr_scheduler": "onecycle",
    "k_max": 7,
    "p_max": 0.5,
    "input_noise_sigma": 0.005
  }
}